6UgcN95w7vQxkR8sEFmwHG,Hindi
5MnAi6ZF7cE8pAz7wYr9Ta,Hindi
0rk2X5TAhraBC5aCIXK2Rq,Hindi
0gPgdRfB4jdGrlyXS0Vx78,Hindi
2qJAzSE6uC94oH2NRoPrGl,Hindi
0cgwdBXXlPfXJXWf3wMs32,Tamil
2qW7HHuuwlahgLsZcSpKca,Japanese
3ILWwi1JNj3NGuuf6DzYxN,Japanese
0NNWioGNBkQjTeUgPT3ijY,Japanese
4AoQVhME8Ko6LNm4lV2wwQ,Hindi
0GQngE2rOYvlKwEQjTAsP8,Hindi
4FeczSomVWVyU4FW7xDeAI,Hindi
6v54G4hhoyTPreZ3nvSYmR,Hindi
0Bph99neebTJZ6rsIhd0sN,Hindi
4bD9z9qa4qg9BhryvYWB7c,Hindi
0l6g8Z8mqGbGXFOjigYetD,Hindi
077SVSWuifvbBbkPMPP5kw,Hindi
0n1CegpauPby31tMWtk0KT,Hindi
7cVF8ZhA1nGr3EdFfygOey,Punjabi
2VGs7EmaIxq96Wcog6DQOc,Tamil
0dLbrlAVPPjpPqnYfmJsWk,Hindi
18e3XXYCv4Tx8uUl1mP3CN,Hindi
0mJTAdmY8olbGQjopDYff3,Hindi
