Artist,Name of Song,Language
Arijit Singh,Ishq Mubarak,Hindi
Salim–Sulaiman,Ishq Hua,Hindi
Vishal-Shekhar,Hey Shona,Hindi
Jeremy Soule,Harvest Dawn,Instrumental
Tai Verdes,AOK,English
Frou Frou,A New Kind Of Love - Demo,English
Jeremy Dutcher,Mehcinut,English
Jeremy Dutcher,Oqiton,English
SZA,Open Arms (feat. Travis Scott),English
RADWIMPS,Sparkle - movie ver.,Japanese
Burna Boy,For My Hand (feat. Ed Sheeran),English
melvitto,Stay (feat. Gabzy),English
SZA,Diamond Boy (DTM),English
Wegz,Amira,Arabic
Pharrell Williams,Get Lucky (Radio Edit) [feat. Pharrell Williams and Nile Rodgers],English
alt-J,Breezeblocks,English
Tame Impala,Borderline,English
Electric Guest,This Head I Hold,English
Bronski Beat,Smalltown Boy,English
Fleetwood Mac,Dreams - 2004 Remaster,English
Bill Withers,Lovely Day,English
White Town,Your Woman,English
Masego,Navajo,English
Claire Rosinkranz,Backyard Boy,English
Kobi Jonz,LOVE OR LAMBA,English
Gunna,on one tonight,English
Future,One Big Family,English
Young Dolph,1 Scale (feat. G Herbo),English
Wande Coal,Again,English
Jhené Aiko,Bed Peace,English
Llona,Cold War (with FAVE),English
FAVE,Baby Riddim,English
Bayanni,Ta Ta Ta,English
Omah Lay,soso,English
Victony,Soweto (with Don Toliver, Rema & Tempoe),English
Aaryan Shah,Renegade,English
Moneybagg Yo,Quickie,English
Nao,Drive and Disconnect,English
Metro Boomin,Around Me (feat. Don Toliver),English
Joji,Will He,English
Joy Again,Looking Out for You,English
Kai Cenat,Bustdown Rollie Avalanche,English
JBEE,Next Up - S4-E2, Pt. 1,English
Pozer,Kitchen Stove,English
Boy Boy,Adrenaline,English
Boy Boy,Bufu,English
Lil Macks,Oslo,English
Lavern,All I Want Is You,English
Eric Reprid,Cold World,English
Taaruk Raina,Narazi,Hindi
SZA,Nobody Gets Me,English
Jhené Aiko,The Worst,English
Devon Cole,Good Guy,English
Pink Sweat$,Honesty - Remix,English
Vory,Lesson Learned,English
Majid Jordan,Waiting For You (feat. Naomi Sharon),English
NxWorries,Where I Go (feat. H.E.R.),English
Charlotte Day Wilson,Forever,English
Thisizlondon,PINACOLADA REMIX (feat. Beéle, Ayra Starr, 6LACK),English
6LACK,Sorry,English
Naomi Sharon,Nothing Sweeter,English
BANKS,Someone New,English
Tems,Not An Angel,English
Victoria Bigelow,Age Of The Internet (Nudes),English
Justin Bieber,Lonely (with benny blanco) - Acoustic,English
Sons Of The East,Miramare,English
Dana Williams,You Win,English
Luke Chiang,Shouldn't Be,English
Lucky Daye,Buying Time,English
Jean Dawson,NO SZNS,English
Yakob Dye,Sometimes,English
Yakob Dye,Difference,English
Dameer,Amar Jaan,Bengali
Maanu,Saamnay,Urdu
Talwiinder,Kitaab,Punjabi
John Mayer,Still Feel Like Your Man,English
Rex Orange County,It Gets Better,English
Josh Levi,BIRTHDAY DANCE,English
PARTYNEXTDOOR,LOYAL (feat. Drake and Bad Bunny) - Remix,English
TENDER,Melt,English
Kyson,Every High,English
Meltt,Love Again,English
Trippie Redd,The Way (feat. Russ),English
J. Cole,Power Trip (feat. Miguel),English
Tory Lanez,In For It,English
Summer Walker,Karma,English
Pressa,Canada Goose,English
Yoke Lore,Dead Ringer,English
The Paper Kites,Tin Lover,English
Novo Amor,From Gold,English
Drake,Jungle,English
The Oh Hellos,Soldier, Poet, King,English
Yoke Lore,Seeds,English
Richy Mitch & The Coal Miners,Lake Missoula,English
The Paper Kites,Paint,English
Gregory Alan Isakov,Big Black Car,English
Hozier,Work Song,English
Arcane,Ma Meilleure Ennemie (from the series Arcane League of Legends),French
Jonita Gandhi,Noorie (Two Sides),Hindi
NAV,Wanted You (feat. Lil Uzi Vert),English
Kali Uchis,Pensamientos Intrusivos,Spanish
Pale Jay,Under The Magnolia Tree,English
Re:um,Nighthawk,English
Bennett Coast,Sunsick,English
okaywill,Tomorrow,English
GoldFord,Orange Blossoms,English
vbnd,Daughter of the Sun,English
ODIE,Miss Summer,English
WILLOW,Time Machine,English
Charlotte Cardin,Scorpio Season,English
Jacquees,Tell Me It's Over (feat. Summer Walker & 6LACK),English
Sabrina Claudio,Belong to You (feat. 6LACK),English
Svvn,Echoes of the Sun,English
Sheff G,Unlucky Lucky Kid,English
Tory Lanez,Wish I Never Met You - Prison Tapes,English
01099,VHS,English
Ruby Waters,Quantum Physics,English
Milky Chance,Naked And Alive,English
070 Shake,The Pines,English
Seori,Dive with you (feat. eaJ),English
Jeremih,Wait On It (feat. Bryson Tiller & Chris Brown),English
SiR,You Can't Save Me,English
Steve Lacy,Some,English
Alina Baraz,Electric (feat. Khalid),English
SZA,Shirt,English
SZA,Saturn,English
Kendrick Lamar,Rich Spirit,English
Kehlani,Can I,English
Kehlani,Gangsta,English
A.R. Rahman,Pookkalae Sattru Oyivedungal,Tamil
Tory Lanez,LUV,English
Akon,Don't Matter,English
The Weeknd,Sidewalks,English
Chris Isaak,Wicked Game,English
Kehlani,Nights Like This (feat. Ty Dolla $ign),English
Kaash Paige,Love Songs - Bonus,English
Teddy Swims,Lose Control,English
Bill Withers,Ain't No Sunshine,English
Atif Aslam,Bairiyaa,Hindi
Yo Yo Honey Singh,Yaar Naa Miley,Hindi
The Weeknd,Is There Someone Else?,English
Kanye West,All Falls Down,English
Summer Walker,Girls Need Love (with Drake) - Remix,English
Arijit Singh,Jeena Sikha De (From "Srikanth"),Hindi
Alka Yagnik,Naram Kaalja,Hindi
Ethereal in E,The Rhythm of Rain,Instrumental
Mohit Chauhan,Ishq Mitaye (From "Amar Singh Chamkila"),Hindi
Mustard,Parking Lot,English
BURNOUT SYNDROMES,PHOENIX,Japanese
GIVĒON,Lost Me,English
```
```csv
Artist,Name of Song,Language
Jhené Aiko,Moments,English
Avenoir,D4U - Spotify Singles,English
SZA,Love Galore (feat. Travis Scott),English
Jhené Aiko,P*$$Y Fairy (OTW),English
Jhené Aiko,Above And Beyond,English
Sonder,Sirens,English
SG Lewis,Feed The Fire (feat. Lucky Daye),English
Majid Jordan,Superstar,English
Wiz Khalifa,Hide It (feat. Don Toliver),English
Jordan Adetunji,KEHLANI (REMIX) [feat. Kehlani],English
Muni Long,Made For Me (with Mariah Carey),English
Tamia,So Into You,English
A Boogie Wit da Hoodie,Body (feat. Nemzzz) - UK Remix,English
Jordan Adetunji,Options (feat. Lil Baby),English
Epik High,MICHELIN CYPHER,English
AUDREY NUNA,Baby OG,English
Wiz Khalifa,Khalifa's Home,English
Gunna,HIM ALL ALONG,English
Rod Wave,25,English
Jacquees,Who's,English
Remi Wolf,Photo ID (with Dominic Fike),English
BIBI,Feeling Lucky,English
Jackson Wang,Poison,English
mike.,These Days,English
Bob Dylan,Knockin' On Heaven's Door,English
Bryant Barnes,I'd Rather Pretend,English
Bryant Barnes,Don't Let It Be You,English
The Killers,Somebody Told Me,English
Bayaan,Teri Tasveer,Urdu
Banksman,Toll,English
Drake,Housekeeping Knows (feat. Latto),English
Drake,Circadian Rhythm,English
Drake,It's Up (feat. Young Thug & 21 Savage),English
Anuv Jain,Jo Tum Mere Ho,Hindi
Aanchal Tyagi,Gulabi,Hindi
Aditya Rikhari,Raaton,Hindi
Rema,Calm Down (with Selena Gomez),English
Yo Yo Honey Singh,Sunny Sunny (From "Yaariyan"),Hindi
Shaarib Toshi,Saturday Saturday,Hindi
Shefali Alvares,O Gujariya,Hindi
Aastha Gill,Kamariya,Hindi
Jatin-Lalit,Bole Chudiyan,Hindi
Farhan Akhtar,Senorita,Hindi
Akon,Chammak Challo,Hindi
Vishal-Shekhar,Desi Girl,Hindi
Arijit Singh,Main Tera Boyfriend (From "Raabta"),Hindi
Pav Dharia,Na Ja,Punjabi
Pritam,Mauja Hi Mauja,Hindi
Akriti Kakar,Iski Uski,Hindi
Salim–Sulaiman,Ainvayi Ainvayi,Hindi
Pritam,Raabta (Kehte Hain Khuda Ne),Hindi
Eden,Rouge,English
Barkérby,Long Distances,English
Sachin-Jigar,Taras - From "Munjya",Hindi
Vansire,Eleven Weeks,English
Vansire,Précis Two,English
Matt Maltese,Intolewd,English
Hotel Ugly,Is there free breakfast here?,English
Vansire,From the Subway Train,English
Darshan Raval,Soni Soni (From "Ishq Vishk Rebound"),Hindi
Atif Aslam,Piya O Re Piya,Hindi
Mithoon,Phir Bhi Tumko Chaahunga,Hindi
Shaan,Chaar Kadam,Hindi
Shreya Ghoshal,Sunn Raha Hai (Female Version),Hindi
Palak Muchhal,Meri Aashiqui,Hindi
Arijit Singh,Tera Chehra,Hindi
Ankit Tiwari,Sanam Teri Kasam,Hindi
Yoke Lore,Beige,English
Selena Gomez,People You Know,English
Modern Talking,Cheri Cheri Lady,English
Clean Bandit,Rather Be (feat. Jess Glynne),English
Matt Maltese,madhouse,English
Dominic Fike,She Wants My Money,English
Punch,Keep Me Busy - Inst.,English
LIM KIM,Confess To You,English
Løvesick,100$ (sped up),English
Myles Smith,My Home,English
RAYE,Worth It.,English
Tayna,Si Ai,English
Chris Brown,Yo (Excuse Me Miss),English
Steve Lacy,Bad Habit,English
VICTON,You Are Mine,Korean
Quinn XCII,Flare Guns,English
Quinn XCII,Straightjacket,English
Quinn XCII,Intro (Slow),English
Lithe,Fall Back (feat. Lil Tjay),English
Zara Larsson,Lush Life,English
The Yellow Diary,Aqda,Hindi
Quavo,Tough,English
Devi Sri Prasad,Oo Antava Oo Oo Antava (From "Pushpa - The Rise")(Telugu),Telugu
6LACK,Been A While,English
ODIE,North Face,English
Pritam,Ae Dil Hai Mushkil Title Track (From "Ae Dil Hai Mushkil"),Hindi
Arijit Singh,Tera Fitoor,Hindi
Pritam,Kalank - Title Track,Hindi
6LACK,Free,English
6LACK,Luving U,English
Russ,Seduce (Feat. Capella Grey & Tamae),English
Davido,KANTE (feat. Fave),English
Nico Baran,LOVE IS GONE,English
The Marías,No One Noticed,English
Arijit Singh,Nashe Si Chadh Gayi,Hindi
Vishal-Shekhar,Nashe Si Chadh Gayi,Hindi
Sai Abhyankkar,Aasa Kooda - From "Think Indie",Hindi
Eric Reprid,Petty King,English
Ice Spice,Pretty Girl (with Rema),English
Calvin Harris,My Way,English
DESTIN CONRAD,IN THE AIR,English
Paris Paloma,It's Called: Freefall,English
Jubin Nautiyal,Lut Gaye,Hindi
SiR,Hair Down,English
Russ,Fendi Bucket,English
Miguel,Girl With The Tattoo Enter.lewd,English
Lewis Capaldi,Someone You Loved,English
TV Girl,Blue Hair,English
Daniel Caesar,Get You (feat. Kali Uchis),English
¥$,DEAD,English
NAV,6AM Thoughts (with Cash Cobain & Bay Swag),English
Evan Freer,Suddenly,English
Evan Freer,We Weren't Wrong,English
Jack Stauber,Buttercup,English
Halal Beats,Where you are (Vocals only),English
Flawed Mangoes,The Beginning,English
Toshifumi Hinata,Reflections,Japanese
Gibran Alcocer,Idea 22,English
Billie Eilish,hotline (edit),English
Instupendo,Comfort Chain,English
Joel Sunny,Luminary,English
Labit,Someday Faraway,English
Jasmine Sandlas,Sip Sip,Punjabi
Gupz Sehra,Label Black,Punjabi
Vishal Mishra,Jaanam (From "Bad Newz"),Hindi
Dadju,I love you,French
PARTYNEXTDOOR,N o C h i l l,English
Adam Port,Move,English
Faris Shafi,Blockbuster,Urdu
Gordo,Sideways,English
Kx5,Escape (feat. Hayla),English
Manni Sandhu,Gani,Punjabi
Pritam,Ye Ishq Hai,Hindi
Badger,These Words,English
Calvin Harris,Faking It (feat. Kehlani & Lil Yachty),English
Calvin Harris,Slide (feat. Frank Ocean & Migos),English
Brent Faiyaz,Clouded,English
Pop Smoke,Something Special,English
Bryant Barnes,Don't Want A Love Song,English
Bryant Barnes,Give Me A Sign,English
Lady A,Need You Now,English
Omar Apollo,Want U Around (feat. Ruel),English
d4vd,Romantic Homicide,English
```
```csv
Artist,Name of Song,Language
The Kid LAROI,THE LINE (feat. d4vd),English
d4vd,Feel It - From The Original Series “Invincible”,English
Kamal.,blue,English
Ryan Trey,Mutual Butterflies,English
Majid Jordan,One I Want (feat. PARTYNEXTDOOR),English
Khalid,My Bad,English
Doja Cat,Paint The Town Red,English
Brent Faiyaz,Best Time,English
Kendrick Lamar,Die Hard,English
Travis Scott,90210 (feat. Kacy Hill),English
Odeal,Be Easy,English
Calvin Harris,Rollin (feat. Future & Khalid),English
Khalid,Ground,English
Bea Miller,FEEL SOMETHING DIFFERENT,English
Noah Guy,2 DOGS 1 LEASH,English
XXXTENTACION,I don’t even speak spanish lol - feat. Rio Santana, Judah, Andrez Babii,English
Nujabes,Luv(sic.) pt3 (feat. Shing02),English
Nujabes,aruarian dance,English
DANZINGER 99,regen༺♡✧+++,English
Ramriddlz,Katana,English
Justine Skye,Don’t Think About It,English
Souly Had,Crush,English
The Marías,Hush,English
Pashanim,Ms. Jackson,English
Omah Lay,Holy Ghost,English
Russ,Win,English
Steve Lacy,Dark Red,English
A$AP Rocky,Sundress,English
Childish Gambino,Feels Like Summer,English
Lana Del Rey,Doin' Time,English
Tame Impala,The Less I Know The Better,English
melvitto,Santorini Coffee,English
Tommy Richman,DEVIL IS A LIE,English
Twenty One Pilots,Heathens,English
Asake,Wave,English
Trae Tha Truth,Trae Tha Truth in Ibiza (Remix),English
Ayushmann Khurrana,Pani Da Rang - Male Vocals,Hindi
Anubha Bajaj,Lamhey,Hindi
FloyyMenor,Gata Only,English
Umair,MAKE YOU MINE (feat. Abdul Hannan & Hasan Raheem),English
Akshath,nadaaniyan,Hindi
Pink Sweat$,Honesty,English
Pink Sweat$,At My Worst (feat. Kehlani),English
Wallows,Are You Bored Yet? (feat. Clairo),English
Mustard,Parking Lot,English
BLK ODYSSY,STANK ROSE,English
Coldplay,A Sky Full of Stars,English
6LACK,Cutting Ties,English
mike.,Lost Me,English
Frank Ocean,Provider,English
Sam Smith,Dancing With A Stranger (with Normani),English
Ollie MN,In Quiet Rooms,English
Eminem,Houdini,English
Khalid,Love Lies (with Normani),English
Jhené Aiko,Sativa,English
Shoffy,Different Skies,English
Victoria Bigelow,Low,English
6LACK,F**k The Rap Game,English
Arctic Monkeys,Fluorescent Adolescent,English
Beach Bunny,Prom Queen,English
The Yellow Diary,Kahe Kahe,Hindi
Souly Had,deadman,English
Avenoir,TMW,English
Jordan Ward,MUSTARD (with 6LACK),English
Marshmello,Fell In Love,English
greek,rewind,English
Jordan Ward,IDC (with Joony),English
Jordan Ward,Player Two - From "Don't Tell Mom The Babysitter's Dead",English
Zaeden,5 am,English
Pritam,Tere Hawaale (From "Laal Singh Chaddha"),Hindi
Yo Yo Honey Singh,Blue Eyes,Hindi
Vishal Mishra,Kiddan Zaalima,Hindi
Julia Michaels,Issues,English
Julia Michaels,What A Time (feat. Niall Horan),English
The Chainsmokers,Closer,English
The Game,Hate It Or Love It,English
Tems,Free Fall (feat. J. Cole),English
Tems,Born in the Wild,English
Loud Luxury,Body,English
G-Eazy,Lady Killers II,English
The Rare Occasions,Notion,English
keshi,like i need u,English
Jordan Ward,FAMJAM4000,English
Dominic Fike,Phone Numbers,English
Still Woozy,Goodie Bag,English
Pritam,Janam Janam,Hindi
Pritam,Gerua,Hindi
Emotional Oranges,West Coast Love,English
Regard,Ride It,English
Thundercat,Funny Thing,English
Cartoon,On & On,English
Don Toliver,No Idea,English
Arijit Singh,Mast Magan,Hindi
Tomo,Paperback Novels,English
Ellie Williams,Live Cinema,English
Bess Atwell,Nobody,English
Martin Luke Brown,love is a black hole !,English
Zeph,i'll never fall in love with myself - demo,English
Novo Amor,Lucky for You,English
Jolé,Alpine Green,English
Hollow Coves,Interlude,English
Hailaker,Labradors,English
Ben Kessler,It Could Be Worse,English
Zeph,my fault,English
Matilda Mann,Doomsday,English
Matilda Mann,February,English
Badshah,Players,Hindi
Mohammad Faiz,Dekhha Tenu (From "Mr. And Mrs. Mahi"),Hindi
Calvin Harris,Sweet Nothing (feat. Florence Welch),English
Shubh,Cheques,English
Shubh,One Love,English
Central Cee,BAND4BAND (feat. Lil Baby),English
Tory Lanez,I LIKE,English
Russ,Can't Get This Right,English
Metro Boomin,Too Many Nights (feat. Don Toliver & with Future),English
Future,Type Shit,English
Future,Like That,English
BigXthaPlug,Back On My BS,English
Bryson Tiller,Whatever She Wants,English
Khalid,Better,English
Cat Trumpet,The Path of the Wind,Instrumental
Cat Trumpet,Inochi no Namae (from "Spirited Away"),Instrumental
Cat Trumpet,Waltz of Chihiro,Instrumental
Cat Trumpet,Hoshi Wa Yoru Kagayakunda Ze,Instrumental
Cat Trumpet,Hikaru Nara,Instrumental
Cat Trumpet,Shigatsu Wa Kimi No Uso,Instrumental
Cat Trumpet,Uso To Honto,Instrumental
Cat Trumpet,Kirameki,Instrumental
Masaru Yokoyama,アゲイン,Instrumental
Theishter,Watashi No Uso (Your Lie in April Original Soundtrack),Instrumental
Joe Hisaishi,The Flower Garden,Instrumental
Joe Hisaishi,Merry-Go-Round of Life - from 'Howl's Moving Castle',Instrumental
Joe Hisaishi,One Summer Day,Instrumental
Frank Kim,Kaze No Toori Michi from My Neighbor Totoro (Original Motion Picture Soundtrack) [feat. Sue],Instrumental
Sumi Shimamoto,風のとおり道,Instrumental
A Boogie Wit da Hoodie,Drowning (feat. Kodak Black),English
Chase Atlantic,Into It,English
Lil Wayne,She Will,English
The Chainsmokers,Paris,English
Russ,Best Friend,English
Jack Harlow,Like A Blade Of Grass,English
The Kid LAROI,SO DONE,English
Young Stoner Life,Diamonds Dancing (feat. Travis Scott),English
Kali Uchis,Moonlight,English
Doja Cat,Juicy,English
Crayon,Ngozi,English
NEIKED,Better Days (NEIKED x Mae Muller x Polo G),English
R. City,Locked Away (feat. Adam Levine),English
Ram Sampath,Sajni (From "Laapataa Ladies"),Hindi
anees,sun and moon,English
```
```csv
Artist,Name of Song,Language
Egzod,Royalty,English
Jessie J,Domino,English
Cö shu Nie,asphyxia,Japanese
MGMT,Electric Feel,English
Billie Eilish,LUNCH,English
Khatth,Aahista,Hindi
Prabh Singh,9:45,Punjabi
Pitbull,Timber,English
Russ,What They Want,English
Masego,What You Wanna Try,English
Cody Fry,Things You Said (feat. Abby Cates),English
Sukha,Sangdi,Punjabi
Russ,Workin On Me,English
A Boogie Wit da Hoodie,Somebody (feat. Future),English
Maninder Buttar,Sakhiyaan,Punjabi
MEMBA,Meet Freedom,English
Future,Married To The Game,English
Drake,Trust Issues,English
Shaboozey,A Bar Song (Tipsy),English
Tai Verdes,last day on earth,English
Clara La San,In This Darkness,English
Rainbow Kitten Surprise,It's Called: Freefall,English
BONES,HDMI,English
Pritam,Badtameez Dil,Hindi
Afsana Khan,Koi Si,Punjabi
KAROL G,CONTIGO (with Tiësto),Spanish
Taylor Swift,Style,English
Grupo Frontera,un x100to,Spanish
A Boogie Wit da Hoodie,Me and My Guitar,English
Sonu Nigam,Tumse Milke Dil Ka,Hindi
Badshah,Soulmate,Hindi
Tayc,Yimmy Yimmy,French
The Neighbourhood,Nervous,English
The Neighbourhood,Flawless,English
The Neighbourhood,Cry Baby,English
The Neighbourhood,Stargazing,English
The Neighbourhood,Afraid,English
Jeremy Zuckerman,A Way With Animals,Instrumental
OneRepublic,If I Lose Myself,English
M83,Midnight City,English
Ryuichi Sakamoto,Merry Christmas Mr. Lawrence,Instrumental
Ludwig Göransson,Can You Hear The Music,Instrumental
Box of Kalimba,The Avatar's Love,Instrumental
Samuel Kim,Avatar's Love,Instrumental
CJ Music,The Avatar's Love (From Avatar: The Last Airbender),Instrumental
NLE Choppa,DO IT AGAIN (feat. 2Rare),English
Lehmber Hussainpuri,Sadi Gali,Punjabi
Baby Bash,Suga Suga,English
DIVINE,Baazigar,Hindi
```csv
Artist,Name of Song,Language
Dave,Trojan Horse,English
Jaden,Cabin Fever,English
Brent Faiyaz,ADDICTIONS (FEAT. Tre' Amani),English
Money Man,Courtesy,English
Victor Thompson,THIS YEAR (Blessings) - Remix,English
Marshmello,Numb,English
A1 x J1,Night Away (Dance) (feat. Tion Wayne),English
Don Toliver,DEEP IN THE WATER,English
Maisie Peters,John Hughes Movie,English
OneRepublic,Nobody - from Kaiju No. 8,English
Milky Chance,Living In A Haze - feat. The Beaches,English
Crumb,Locket,English
Calvin Harris,Lovers In A Past Life (with Rag'n'Bone Man),English
Ozer,5 to 10,English
J. Cole,Stealth Mode (feat. Bas),English
6LACK,Inwood Hill Park,English
Lithe,Fall Back,English
Strick,COME ALIVE (feat. 6LACK),English
Jyotica Tangri,Haye Booh (From "Jatt Nuu Chudail Takri"),Punjabi
The New Pornographers,Challengers,English
Nicholas Britell,Agape,English
Txmy,Ethereal,English
Masayoshi Oishi,Super Adorable Gal,Japanese
J. Cole,3001,English
Khalid,Please Don't Fall In Love With Me,English
Future,Where My Twin @ - Bonus,English
Future,Cinderella,English
J. Cole,H.Y.B. (feat. Bas & Central Cee),English
Arijit Singh,Sooraj Dooba Hain (From "Roy"),Hindi
Badshah,Sajna, Say Yes To The Dress,Hindi
Benny The Butcher,Johnny P's Caddy,English
Eminem,Sing For The Moment,English
JAY-Z,Part II (On The Run),English
Maroon 5,She Will Be Loved,English
Sachet Tandon,Bekhayali (From "Kabir Singh"),Hindi
Barney Sku,Your Eyes,English
Aashir Wajahat,Sadqay,Urdu
Sofia Cordoba,Qué Más Da,Spanish
Russ,I Got You,English
Central Cee,I Will,English
Big Boi,Kill Jill [Feat. Killer Mike, Jeezy],English
Lana Del Rey,Say Yes To Heaven,English
Zack Knight,Bom Diggy Diggy,English
Sharn,Mi Amor,Spanish
Vishal-Shekhar,Ishq Wala Love,Hindi
Jasleen Royal,Nachde Ne Saare,Punjabi
Pritam,Jhak Maar Ke,Hindi
Arijit Singh,Zaalima,Hindi
Ritviz,Liggi,Hindi
King,Maan Meri Jaan,Hindi
Labh Janjua,London Thumakda (From "Queen"),Punjabi
6LACK,Rent Free,English
6LACK,Since I Have A Lover,English
6LACK,Inwood Hill Park,English
Diljit Dosanjh,Naina (From "Crew"),Punjabi
A.R. Rahman,Raanjhanaa,Hindi
Sachin-Jigar,Tere Vaaste (From "Zara Hatke Zara Bachke"),Hindi
Vishal-Shekhar,Ghungroo (From "War"),Hindi
Darshan Raval,Asal Mein,Hindi
Pritam,Bulleya,Hindi
Stephen Sanchez,High,English
Ari Abdul,BABYDOLL,English
beabadoobee,Glue Song,English
Montell Fish,Hotel,English
Mitski,My Love Mine All Mine,English
Isabel LaRosa,i'm yours,English
New West,Those Eyes,English
Artemas,if u think i'm pretty,English
Diljit Dosanjh,Lover,Punjabi
AUR,Tu hai kahan (feat. ZAYN),English
Rob $tone,Chill Bill (feat. J. Davi$ & Spooks),English
4batz,act ii: date @ 8 (feat. Drake) - remix,English
Radiohead,Everything In Its Right Place,English
Creepy Nuts,Bling-Bang-Bang-Born,Japanese
Jeremih,Don't Tell 'Em,English
Aya Nakamura,Copines,French
Diljit Dosanjh,Dil Todeya,Punjabi
Guru Randhawa,Main Deewana Tera,Punjabi
Karan Sehmbi,Photo (From "Luka Chuppi"),Punjabi
Arijit Singh,Main Tera Boyfriend,Hindi
Pritam,Ik Vaari Aa (From "Raabta"),Hindi
Pritam,Raabta (Title Track) [From "Raabta"],Hindi
Pritam,Manma Emotion Jaage,Hindi
Benny Dayal,Lat Lag Gayee,Hindi
DYSTINCT,Business (feat. Naza),English
Sukha,8 ASLE,Punjabi
Eric Reprid,Cold World,English
Hasan Raheem,Wishes,Urdu
Good Neighbours,Home,English
Anurag Saikia,Aise Kyun,Hindi
Karan Kanchan,Ishq Nachaawe - From "Kho Gaye Hum Kahan",Hindi
OAFF,Teri Yeh Baatein - From "Kho Gaye Hum Kahan",Hindi
OAFF,Hone Do Jo Hota Hai - From "Kho Gaye Hum Kahan",Hindi
Dhruv Visvanath,Yeh Pal Hain Apne (From "Dange"),Hindi
A.R. Rahman,Param Sundari,Hindi
Ankit Tiwari,Sunn Raha Hai (Male Version),Hindi
AP Dhillon,With You,Punjabi
Rovalio,Iraaday,Urdu
lucidbeatz,Let U Go,English
Dhruv Visvanath,Bahaane,Hindi
Diljit Dosanjh,Kinni Kinni,Punjabi
Avvy Sra,White Brown Black,Punjabi
Yoke Lore,Truly Madly Deeply - Recorded at Spotify Studios NYC,English
TENDER,Erode,English
Two Door Cinema Club,Sun,English
Mitraz,Zehen X Saajna,Hindi
Aditya Rikhari,Nasamajh,Hindi
Aditya Rikhari,Faasle,Hindi
Zaeden,KTMBK,English
Akashdeep Sengupta,Dil Se Dil Tak (From "Bawaal"),Hindi
Mitraz,Junoon,Hindi
Diljit Dosanjh,Love Ya,Punjabi
Danny,Ve Haaniyaan,Punjabi
Mitraz,Akhiyaan Gulaab (From "Teri Baaton Mein Aisa Uljha Jiya"),Hindi
Tanishk Bagchi,Laal Peeli Akhiyaan (From "Teri Baaton Mein Aisa Uljha Jiya"),Hindi
Sachin-Jigar,Tum Se (From "Teri Baaton Mein Aisa Uljha Jiya"),Hindi
Vishal Mishra,Pehla Pyaar,Hindi
Diljit Dosanjh,Magic | Coke Studio Bharat,Punjabi
Hozier,Take Me to Church,English
Raghav Chaitanya,Hua Main,Hindi
PLVTINUM,Champagne & Sunshine,English
Ruger,Asiwaju,English
Dean Lewis,Half A Man,English
Zaeden,tere bina,English
AUR,Tu hai kahan,English
Sachet Tandon,Malang Sajna,Hindi
Abdul Hannan,Bikhra,Urdu
Anuv Jain,Husn,Urdu
Jaani,Saari Duniya Jalaa Denge,Hindi
Vishal Mishra,Manjha,Hindi
Pritam,Shayad,Hindi
The Yellow Diary,Roz Roz,Hindi
Aditya Rikhari,Samjho Na,Hindi
Aditya A,Awaargi,Hindi
Bakar,Hell N Back,English
Ben Howard,Conrad,English
Hazlett,Please Don't Be,English
Goldie Sohel,Aaj Sajeya,Hindi
Sachin-Jigar,Apna Bana Le,Hindi
Riar Saab,Dreams,English
Drake,From Time,English
Aditya A,Chaand Baaliyan,Hindi
Central Cee,Entrapreneur,English
Guru Randhawa,Ban Ja Rani (From "Tumhari Sulu"),Punjabi
A Boogie Wit da Hoodie,My Shit,English
Conan Gray,Astronomy,English
Brent Faiyaz,Poison,English
Frank Ocean,Novacane,English
H.E.R.,Could've Been (feat. Bryson Tiller),English
Sachin-Jigar,Phir Aur Kya Chahiye (From "Zara Hatke Zara Bachke"),Hindi
```

Note: The language is assumed based on the artist's primary language or the song's title. Some artists may produce music in multiple languages, and the language of the song may vary.
```csv
Artist,Name of Song,Language
The Dø,Dust It Off,English
Patrick Watson,Je te laisserai des mots,French
Bakar,Alive!,English
Hazlett,Blame The Moon,English
Mirko Dukanovic,Laura's Dance,Instrumental
Jalen Santoy,Foreplay,English
Vedo,Trip (V-Mix) - Remake,English
Ella Mai,Trip,English
Em Beihold,Numb Little Bug - Piano Version,English
The Whitest Boy Alive,Burning,English
Billie Eilish,watch,English
Yamê,Bécane,French
Yamê,Bécane - A COLORS SHOW,French
Mike WiLL Made-It,The Mantra (with Pharrell & Kendrick Lamar),English
Jungle,Happy Man,English
Fresco Trey,Got You (feat. charlieonnafriday),English
Enur,Calabria 2008 (feat. Natasja),English
Lithe,Lot of Love,English
Ari Abdul,You,English
The Weeknd,Try Me,English
Bad Bunny,MONACO,Spanish
JVKE,golden hour - Cello Version,English
Agnes Obel,Familiar,English
Eminem,No Love,English
JP Saxe,If the World Was Ending (feat. Julia Michaels),English
Daughter,No Care,English
Lyrical Lemonade,Stop Giving Me Advice (with Jack Harlow & Dave),English
Vishal Dadlani,Jee Le Zaraa,Hindi
BlocBoy JB,Look Alive (feat. Drake),English
Arijit Singh,Satranga (From "ANIMAL"),Hindi
Cigarettes After Sex,Apocalypse,English
The Weeknd,Die For You,English
Vishal Mishra,Pehle Bhi Main,Hindi
The Neighbourhood,Daddy Issues,English
Shaarib Toshi,Bandeya - From "Dil Juunglee",Hindi
Remi Wolf,Photo ID (with Dominic Fike),English
Offset,SAY MY GRACE (feat. Travis Scott),English
Masego,Two Sides (I’m So Gemini) - Single Version,English
Drake,Feel No Ways,English
Vishal Mishra,Kaise Hua (From "Kabir Singh"),Hindi
The Neighbourhood,You Get Me So High,English
Lil Nas X,THATS WHAT I WANT,English
Slimane,Mon amour,French
flumpool,Naiteiinda,Japanese
Faye Webster,I Know You,English
aldn,say what u mean (with Riovaz),English
Radiohead,Climbing Up the Walls,English
Radiohead,Nude,English
Emmit Fenn,The Chase (Edit),English
Jared Evan,The Art Form (feat. Stella),English
French 79,Hometown (intro),Instrumental
Verzache,All I Need,English
Daniela Andrade,Telegraph Ave / Sober,English
Benjamin Francis Leftwich,Atlas Hands,English
Pop Goes Ambient,Somebody Else,English
Tom Odell,Best Day Of My Life,English
Kaash Paige,ISSUES,English
kennynahh,Find Me Again,English
Selena Gomez,Wolves,English
Healy,Nikes On,English
Videoclub,Amour plastique,French
YULA,Always Know,English
Riar Saab,Dreams,English
EDEN,wrong,English
XXXTENTACION,wanna grow old (i won't let go) (feat. Jimmy Levy),English
Rashid Ali,Kabhi Kabhi Aditi,Hindi
Sachin-Jigar,Saibo,Hindi
Pritam,Zara Sa,Hindi
Frizk,ALL MY FELLAS,English
Post Malone,Stay,English
Dominic Fike,Superstar Sh*t,English
Summer Walker,Session 32,English
Hotel Ugly,Stevie Doesn't Wonder,English
Travis Scott,SKELETONS,English
Post Malone,Up There,English
Summer Walker,Deep,English
Alina Baraz,Floating (feat. Khalid),English
Steve Lacy,Uuuu,English
Peachy!,Falling for U,English
Frank Ocean,Lost,English
Frank Ocean,Pink + White,English
Rae Sremmurd,This Could Be Us,English
Frank Ocean,Chanel,English
Drake,Jodeci Freestyle (feat. J. Cole),English
David Guetta,When We Were Young (The Logical Song),English
Demi Lovato,Stone Cold,English
The Wanted,Glad You Came,English
fun.,Some Nights,English
will.i.am,Scream & Shout,English
Jung Kook,Seven (feat. Latto) (Explicit Ver.),Korean/English
Jung Kook,Standing Next to You,Korean/English
Rihanna,Disturbia,English
Maroon 5,Maps,English
cassö,Prada,English
Smile High,Kinks,English
Ricky Rich,Habibi (feat. A Boogie Wit da Hoodie),English
Tove Lo,Habits (Stay High),English
NAV,Myself,English
NAV,Turks (with Gunna & ft. Travis Scott),English
NAV,Never Sleep (with Lil Baby feat. Travis Scott),English
NAV,Some Way,English
Men I Trust,Show Me How,English
Omar Apollo,Evergreen (You Didn’t Deserve Me At All),English
Daisha McBride,Birds (with 6LACK) - Remix,English
Justin Stanley,Numb,English
Jordan Ward,CHERIMOYA - BONUS,English
Hazue,Solace,English
Pritam,Pyaar Hota Kayi Baar Hai (From "Tu Jhoothi Main Makkaar"),Hindi
Pritam,O Bedardeya (From "Tu Jhoothi Main Makkaar"),Hindi
Shaurya Mehta,Kho Jaayein : You N Me ("Kahin Duur Chalein"),Hindi
Tanishk Bagchi,Raataan Lambiyan (From "Shershaah"),Hindi
Vishal-Shekhar,Besharam Rang (From "Pathaan"),Hindi
Shah Rule,Bad for Me,English
Aditya Rikhari,Teri Yaad,Hindi
Anirudh Ravichander,Chaleya,Hindi
Daniel Caesar,Japanese Denim,English
Drake,What Would Pluto Do,English
Drake,8am in Charlotte,English
Cannons,Loving You,English
The Beaches,Blame Brett,English
The Kid LAROI,TOO MUCH,English
Sleepy Tom,One Summer's Day (Spirited Away),Instrumental
Angèle,Les matins,French
Eloise,Intertwined,English
beabadoobee,Dance with Me,English
Rocco,hold me, never let go,English
Rocco,be careful with my heart,English
Arctic Monkeys,I Wanna Be Yours,English
Rosa Walton,I Really Want to Stay at Your House,English
Dominic Fike,Babydoll,English
Drake,Virginia Beach,English
SYML,Where's My Love,English
Dramatic Violin,I Wanna Be Yours (Violin),Instrumental
futurebae,Fensterbank,German
Eve,Dramaturgy,Japanese
Ricky Not Montgomery,Fallen Down,English
David Kushner,Daylight,English
Drake,Members Only (feat. PARTYNEXTDOOR),English
Drake,First Person Shooter (feat. J. Cole),English
Drake,Daylight,English
Drake,Drew A Picasso,English
Drake,IDGAF (feat. Yeat),English
Drake,Fear Of Heights,English
Vybz Kartel,Fever,English
A.R. Rahman,Enna Sona,Hindi
Pritam,Tere Pyaar Mein,Hindi
YNW Melly,Mixed Personalities (feat. Kanye West),English
Kenya Grace,Strangers,English
Lil Yachty,The Secret Recipe,English
Kanye West,Bound 2,English
```
To analyze the songs and return the results in CSV format with the Artist, Name of Song, and Language, we can start by identifying the likely language based on the artist's origin or the song's title. Here's a possible CSV output:

```csv
Artist,Name of Song,Language
Rahat Fateh Ali Khan,Teri Meri,Hindi
Riar Saab,Obsessed,English
Gucci Mane,Both (feat. Drake),English
Jasleen Royal,Ranjha (From "Shershaah"),Hindi
Pritam,Raabta,Hindi
Pritam,Tum Se Hi,Hindi
Pritam,Pee Loon,Hindi
Atif Aslam,Zindagi Aa Raha Hoon Main,Hindi
Pritam,Kesariya (From "Brahmastra"),Hindi
Jasleen Royal,Heeriye (feat. Arijit Singh),Hindi
Badshah,Gone Girl,Hindi
Payal Dev,Naseeb Se (From "Satyaprem Ki Katha"),Hindi
Ralph Castelli,Morning Sex,English
Tiago PZK,Me Olvidé,Spanish
Benja Torres,BLOCK,Spanish
Teya Dora,Džanum,Serbian
NATHY PELUSO,ELLA TIENE,Spanish
Drake,Slime You Out (feat. SZA),English
Powfu,no balls,English
EREZA,zana,Unknown
Bahoz & Baran,Seninle,Turkish
Karri,Bambi,English
Rich Homie Quan,Risk Takers,English
Jawsh 685,Savage Love (Laxed - Siren Beat),English
Bastian Verte,The Scientist - Piano Version,English
Milo Grande,Shape of My Heart - Piano Version,English
Drake,Nice For What,English
Drake,Change Locations,English
Drake,Marvins Room,English
Drake,Take Care,English
Drake,Crew Love,English
Drake,Headlines,English
Drake,Shot For Me,English
Drake,Over My Dead Body,English
Drake,Uptown (feat. Bun B & Lil Wayne),English
Drake,Find Your Love,English
Drake,Cece's Interlude,English
Drake,Miss Me,English
Drake,Unforgettable,English
Drake,Up All Night,English
Drake,Over,English
Drake,Still Here,English
J Hus,Who Told You (feat. Drake),English
Alec Benjamin,Devil Doesn’t Bargain,English
Pacoussa,Phantom,English
edbl,Nostalgia,English
Jordan Ward,Lil Baby Crush,English
Souly Had,deadman,English
Lil Zay Osama,Mmmhmmmm,English
DEAN,풀어,Korean
XXXTENTACION,Revenge,English
Maze,Views,English
Lana Del Rey,Young And Beautiful,English
Tory Lanez,Jerry Sprunger (with T-Pain),English
Tory Lanez,Say It,English
Tory Lanez,Broke In A Minute,English
Tory Lanez,Hurts Me,English
Tory Lanez,Lavender Sunflower,English
Tory Lanez,Lady Of Namek,English
21 Savage,Rich Nigga Shit (feat. Young Thug),English
Russ,See You Soon,English
Aftertheparty,Pull out, Sink In,English
Emotional Oranges,On My Way,English
Sia,Genius (feat. Sia, Diplo, and Labrinth),English
Labrinth,Mount Everest,English
Labrinth,Never Felt So Alone,English
The Weeknd,Fill The Void (with Lily Rose Depp, Ramsey),English
citimall,Guzarish,Hindi
Javed Ali,Guzarish,Hindi
Conan Gray,Telepath,English
AVAION,Sleepless,English
Weston Estate,Sixty,English
GEN.KLOUD,VIRUS - Odd Mob Remix,English
Nic Dean,Grown Up,English
BAYNK,How Does It Feel?,English
Fleetwood Mac,Little Lies - 2017 Remaster,English
Swedish House Mafia,Ray Of Solar,English
The Neighbourhood,Softcore,English
The Jungle Giants,Love Signs,English
Dillistone,Down,English
Lime Cordiale,Robbery,English
Darci,On My Own,English
Travis Scott,Goosebumps - Remix,English
Travis Scott,TIL FURTHER NOTICE (feat. James Blake & 21 Savage),English
Travis Scott,LOST FOREVER (feat. Westside Gunn),English
Travis Scott,SKITZO (feat. Young Thug),English
Travis Scott,CIRCUS MAXIMUS (feat. The Weeknd & Swae Lee),English
Travis Scott,I KNOW ?,English
Travis Scott,DELRESTO (ECHOES) (feat. Beyoncé),English
Travis Scott,FE!N (feat. Playboi Carti),English
Travis Scott,SIRENS,English
Travis Scott,GOD'S COUNTRY,English
Travis Scott,MODERN JAM (feat. Teezo Touchdown),English
Travis Scott,THANK GOD,English
Travis Scott,HYAENA,English
Travis Scott,MELTDOWN (feat. Drake),English
Travis Scott,TELEKINESIS (feat. SZA & Future),English
Jessie Reyez,IMPORTED (with 6LACK),English
Harry Mold,Bonita Cubana,English
Loyle Carner,Still,English
Frankie Stew and Harvey Gunn,Tortoise,English
Loyle Carner,Polyfilla,English
DKOHH,Summer in Chicago,English
Pale Jay,Shameful Game,English
Grady,CAN YOU HEAR THE MOON,English
rayn,meet me on the moon,English
SOLOMON,phases (feat. Kojey Radical),English
Asha Imuno,PERFECT PACE,English
Phlake,2min (feat. Vera),English
Bruno Mars,Smokin Out The Window,English
Forrest Nolan,Sinatra,English
Miller Blue,Us,English
Tai Verdes,how deep?,English
Javed-Mohsin,Pal,Hindi
SZA,Snooze,English
Amaal Mallik,Soch Na Sake,Hindi
Mariah the Scientist,Spread Thin,English
Morgan Wallen,Wasted On You,English
Jordan Ward,MUSTARD (WITH 6LACK),English
Cab'Ral,Take Time,English
SEB,god of the sunsets,English
Yung Filly,100 Bags Freestyle,English
Travis Scott,MY EYES,English
KAWALA,Ticket To Ride,English
Dreamville,Shadows (with Kehlani),English
Timothy Fleet,Sos,English
Stromae,La solassitude,French
Quevedo,Ahora y Siempre,Spanish
Jon Bellion,All Time Low,English
80purppp,118.2437° W,English
Mithoon,Sanam Re,Hindi
Post Malone,Saint-Tropez,English
XXXTENTACION,Everybody Dies In Their Nightmares,English
Jack Harlow,Way Out (feat. Big Sean),English
PARTYNEXTDOOR,Break from Toronto,English
Post Malone,Go Flex,English
Tyla Yaweh,Tommy Lee (feat. Post Malone),English
Joey Bada$$,DEVASTATED,English
Mac Miller,Weekend (feat. Miguel),English
XXXTENTACION,whoa (mind in awe),English
Travis Scott,K-POP,English
Bas,Passport Bros (with J. Cole),English
Akhil,Duniyaa (From "Luka Chuppi"),Hindi
Chris Miles,Missed Calls,English
Kane Brown,Memory,English
Joji,Feeling Like The End,English
Bazzi,Young & Alive,English
Travis Scott,YOSEMITE,English
Diplo,Heartless (feat. Morgan Wallen),English
```

Note: The language assignment is based on the artist's origin or the song's title. Some songs may have multiple languages or be instrumental, so the language assignment is an educated guess.
To provide the requested CSV format with the Artist, Name of Song, and Language, I will assume that the language of the song is English unless the song title or artist suggests otherwise (e.g., songs with non-English titles or artists known for non-English music). Here is the CSV output:

```csv
Artist,Name of Song,Language
Nic D,Cotton Candy,English
John Lennon,Hold On - Remastered 2010,English
Weezer,Island In The Sun,English
PARTYNEXTDOOR,R e s e n t m e n t,English
Travis Scott,sdp interlude,English
Lil Tjay,Project Walls (feat. YoungBoy Never Broke Again),English
YSN Fab,Been Here Before,English
YSN Fab,Soul Fly,English
YSN Fab,Thru The Thunder,English
Sade,Smooth Operator - Single Version,English
Kasien,DO WHAT I LIKE,English
Tainy,MOJABI GHOST,English
Lil Durk,All My Life (feat. J. Cole),English
Luke Combs,Fast Car,English
Lithe,Facade,English
Maria-Therese,Amore,English
Dax,To Be A Man,English
Jaylon Ashaun,Strawberries and Wine - Acoustic,English
Bellah,Home,English
Jaylon Ashaun,Pretty Girls - Acoustic,English
Vishal Dadlani,Lalla Lalla Lori,Hindi
Metro Boomin,Nas Morales (Metro Boomin & Nas),English
Don Toliver,Givin’ Up (Not The One) (Don Toliver & 21 Savage, 2 Chainz),English
Metro Boomin,Nonviolent Communication (Metro Boomin & James Blake, A$AP Rocky, 21 Savage),English
Metro Boomin,Home (Metro Boomin & Don Toliver, Lil Uzi Vert),English
Metro Boomin,Self Love (Spider-Man: Across the Spider-Verse) (Metro Boomin & Coi Leray),English
Metro Boomin,Link Up (Metro Boomin & Don Toliver, Wizkid feat. BEAM & Toian) - Spider-Verse Remix (Spider-Man: Across the Spider-Verse),English
EI8HT,Silk & Cologne (EI8HT & Offset) - Spider-Verse Remix,English
Metro Boomin,Calling (Spider-Man: Across the Spider-Verse) (Metro Boomin & Swae Lee, NAV, feat. A Boogie Wit da Hoodie),English
Metro Boomin,Hummingbird (Metro Boomin & James Blake),English
Offset,Danger (Spider) (Offset & JID),English
Metro Boomin,All The Way Live (Spider-Man: Across the Spider-Verse) (Metro Boomin & Future, Lil Uzi Vert),English
Metro Boomin,Am I Dreaming (Metro Boomin & A$AP Rocky, Roisee),English
Metro Boomin,Annihilate (Spider-Man: Across the Spider-Verse) (Metro Boomin & Swae Lee, Lil Wayne, Offset),English
Travis Scott,Antidote,English
Dave,Sprinter,English
grentperez,Old With You,English
Badshah,Abhi Toh Party Shuru Hui Hai,Hindi
Arijit Singh,Raat Bhar,Hindi
Pritam,Tu Mera Hero,Hindi
Toosii,Favorite Song (feat. Future) [Toxic Version],English
ATO,Ladybird,English
Kai Whiston,Betty,English
grentperez,When We Were Younger,English
Daft Punk,Lose Yourself to Dance (feat. Pharrell Williams),English
Daft Punk,Instant Crush (feat. Julian Casablancas),English
Lost Frequencies,Where Are You Now,English
Red Leather,SINS,English
JVKE,golden hour,English
Tory Lanez,And This is Just The Intro,English
Miike Snow,Genghis Khan,English
Eslabon Armado,Ella Baila Sola,Spanish
John Michael Howell,Power,English
Anne-Marie,2002,English
A Boogie Wit da Hoodie,Man in the Mirror,English
Lana Del Rey,Summertime Sadness,English
OT da Org,Can't Let You Play Me,English
Liam Thomas,Closure (feat. Sahxl),English
harper,under the sofa,English
Thekidszn,Ride For Me,English
edwin,Talking,English
Jalen Santoy,Heart Attack,English
Tory Lanez,'87 Stingray,English
Souloho,Bad News,English
Kanye West,True Love,English
Palak Muchhal,Chahun Main Ya Naa,Hindi
Roy Woods,Snow White,English
Ice Spice,Princess Diana (with Nicki Minaj),English
Pola & Bryson,Phoneline,English
YAZ,Anymore,English
venbee,low down,English
Bru-C,Freedom,English
Kehlani,Toxic,English
Clay Newton,Wrong Time,English
Dan,Legends Aren't Made,English
DaniLeigh,Easy,English
Tory Lanez,The Take (feat. Chris Brown),English
Ella Mai,How (feat. Roddy Ricch),English
Khalid,Eleven (feat. Summer Walker),English
GenriX,novocaine,English
Felix Cartal,Get What You Give,English
Mother Mother,Verbatim,English
MGMT,Time to Pretend,English
Sabrina Carpenter,Nonsense (with Coi Leray) - Remix,English
Sabrina Carpenter,Nonsense,English
Sleepy Hallow,Die Young (feat. 347aidan),English
SwitchOTR,Clearest of Signs,English
whaledontsleep,Sleeping town (feat. yama),Japanese
Mike WiLL Made-It,Aries (YuGo) Part 2 (with Rae Sremmurd & Big Sean feat. Quavo & Pharrell),English
JON VINYL,Addicted,English
Q,Who Will?,English
Sara Diamond,You're It,English
DESTIN CONRAD,COLORWAY,English
Maeta,You Lie,English
JON VINYL,Chrome Hearts,English
Sada Baby,KHALIFA MODE,English
Lord Huron,Love Like Ghosts,English
Lord Huron,Meet Me in the Woods,English
Juice WRLD,Stay High,English
Wizkid,Ginger (feat. Burna Boy),English
Wizkid,Piece of Me (feat. Ella Mai),English
Dave,Location (feat. Burna Boy),English
Dave,System (feat. WizKid),English
DJ Khaled,STAYING ALIVE (feat. Drake & Lil Baby),English
Eve,Yoku,Japanese
RADWIMPS,Suzume (feat. Toaka),Japanese
Bruno Mars,Leave The Door Open,English
Joji,Daylight,English
Kygo,Firestone,English
AJ Mitchell,Move On,English
Lukas Graham,7 Years,English
B.o.B,Nothin' on You (feat. Bruno Mars),English
Lord Huron,The Night We Met,English
Zach Zoya,Start Over,English
Ritt Momney,Put Your Records On,English
OneRepublic,Wherever I Go,English
Bruno Mars,Marry You,English
Bruno Mars,When I Was Your Man,English
Joji,SLOW DANCING IN THE DARK,English
Tate McRae,that way,English
Julia Michaels,Apple,English
Alex Vaughn,Backslide,English
ASTN,all ur fault,English
Nbdy,Missing Sumthin',English
JON VINYL,Entice Me,English
Sam Wills,Turn Back,English
Col3trane,Lights Out,English
Nbdy,F.O.E.,English
RUSSELL!,FEELS SO RIGHT,English
Col3trane,Take Notes,English
Col3trane,Astrology Joint,English
PHABO,Step 2 Me,English
SZA,Broken Clocks,English
cr0bb,One More Shot,English
Russ,3:15 (Breathe),English
Vishal-Shekhar,Dil Diyan Gallan,Hindi
Drake,Search & Rescue,English
Zach Zoya,Upper Hand,English
Wiz Khalifa,Peace and Love,English
Morray,High Price (with Lil Tjay),English
Cobra Starship,You Make Me Feel... (feat. Sabi),English
Jawad Ahmad,Samjhawan,Hindi
Milky Chance,Stolen Dance,English
6LACK,NRH,English
6LACK,Testify,English
6LACK,Rent Free,English
6LACK,Temporary (feat. Don Toliver),English
6LACK,Spirited Away,English
6LACK,preach,English
Kate Bush,Running Up That Hill (A Deal With God),English
```

Please note that the language determination is based on assumptions and may not be entirely accurate without further context.
```csv
Artist,Name of Song,Language
KAROL G,TQG,Spanish
PinkPantheress,Boy's a liar Pt. 2,English
Enrique Iglesias,Bailando - Spanish Version,Spanish
6LACK,Fatal Attraction,English
Labrinth,Formula,English
Pheelz,Finesse,English
gianni & kyle,5 Shots,English
Tyga,Sunshine,English
Abra Cadabra,Star Man (feat. Gabzy),English
JAY1,Good Vibes,English
Private Zero,Someone Else,English
Paulo Londra,Party (feat. A Boogie Wit da Hoodie),Spanish
Bad Bunny,Yonaguni,Spanish
J Balvin,LA CANCIÓN,Spanish
Rvssian,Nostálgico,Spanish
Nowlu,Stuck on you,English
Kenshi Yonezu,KICK BACK,Japanese
Vaundy,踊り子,Japanese
Omoinotake,One Day,Japanese
Nelly Furtado,Promiscuous,English
Pitbull,Time of Our Lives,English
MKTO,Classic,English
SEB,loving u is harder,English
Toosii,Favorite Song,English
Hotel Ugly,Shut up My Moms Calling,English
ELIJAH MOON,never sober (reimagined),English
Joshua Golden,Violets,English
Kado,Take It All,English
GIMS,Est-ce que tu m'aimes ? - Pilule bleue,French
GIMS,Hola Señorita,French
Loud,Toutes les femmes savent danser,French
Tayc,D O D O,French
GIMS,PRENDS MA MAIN,French
Calvin Harris,Miracle (with Ellie Goulding),English
J Coul,Procrastination Broke,English
PinkPantheress,Pain,English
Vishal-Shekhar,Khuda Jaane,Hindi
j-hope,on the street (with J. Cole),English
Labh Janjua,London Thumakda,Punjabi
Wiz Khalifa,Don't Text Don't Call,English
G. V. Prakash,Vaa Vaathi,Tamil
JAY-Z,Feelin' It,English
Joey Bada$$,500 Benz,English
Joey Bada$$,Show Me,English
Lithe,Pictures on My Wall,English
The Weeknd,Privilege,English
tobi lou,2hrs,English
Superstar Pride,PAINTING PICTURES,English
Torpe,Leave It All To Me (iCarly chill),English
Central Cee,LET GO,English
98 NP,No Trust,English
Pyrex,Break Through,English
Rella,RACING,English
R.L. Beats,Tea's Gone Cold,English
PnB Rock,Selfish,English
A Boogie Wit da Hoodie,Secrets,English
Stephen Sanchez,Until I Found You (with Em Beihold) - Em Beihold Version,English
NewJeans,OMG,Korean
PARTYNEXTDOOR,Her Way - Sped Up,English
Metro Boomin,Creepin' (with The Weeknd & 21 Savage),English
Bell Biv DeVoe,Poison,English
The Notorious B.I.G.,Big Poppa - 2007 Remaster,English
Cage The Elephant,Cigarette Daydreams,English
Calvin Harris,Slide (feat. Frank Ocean & Migos),English
RAYE,Escapism.,English
Lil Donald,Do Better,English
PARTYNEXTDOOR,LOYAL (feat. Drake),English
DJ Snake,U Are My High (with Future),English
J.I the Prince of N.Y,Need Me,English
Alina Baraz,If You Let Me,English
Col3trane,Lush Life,English
Metro Boomin,Overdue (with Travis Scott),English
JON VINYL,Slowly,English
Jorja Smith,Come Over (Remix),English
SOLOMON,listen up - Radio Edit,English
Nbdy,Toxic (Interlude),English
Chris Brown,Go Crazy,English
GIVĒON,dec 11th,English
Libianca,People,English
The Weeknd,Reminder,English
Calabasas,First Time Thing,English
Roy Woods,Don't Love Me,English
Drake,Fire & Desire,English
Drakeo the Ruler,Talk To Me,English
Drake,Texts Go Green,English
Drake,A Keeper,English
Drake,Sticky,English
Ryos,Midsummer Nights,English
Lil Mabu,On The Radar Freestyle,English
NewJeans,Ditto,Korean
Kenzy,Scorsese,English
田所あずさ,ドラム式探査機,Japanese
Kenshi Yonezu,Flamingo,Japanese
Madonna,Back That Up To The Beat - demo version,English
SDM Nation,Ты И Я,Russian
Xcho,Ты и Я,Russian
50 Cent,My Life,English
The Kid LAROI,LOVE AGAIN,English
Classified,Inner Ninja,English
Dean Lewis,How Do I Say Goodbye,English
Tom Odell,Another Love,English
Drake,Shut It Down,English
Isaac Zale,Annabelle,English
Svvn,Nocturne in E-Flat Major,Instrumental
Svvn,Clair de Lune,Instrumental
Nicki Minaj,Do We Have A Problem?,English
Dave,Starlight,English
Drake,Jimmy Cooks (feat. 21 Savage),English
EKKSTACY,i walk this earth all by myself,English
Justine Skye,Collide (feat. Tyga),English
PARTYNEXTDOOR,H e r O l d F r i e n d s,English
JJ Adrian,Moments Ago,English
Sage Harris,In My Bed,English
Sylo,Drop a Pin,English
The Weeknd,Best Friends - Remix,English
Black Atlass,Beautiful Stranger,English
dvsn,Don't Take Your Love,English
Khalid,Open (feat. Majid Jordan),English
Izzy Rose,OHWEI,English
Tasha Angela,Love Is My Condition,English
Clams Casino,Numb,Instrumental
Skrillex,Way Back,English
D-Block Europe,808,English
Popcaan,We Caa Done (feat. Drake),English
Beyoncé,CUFF IT,English
Miguel,Sure Thing,English
Kate Bush,Running Up That Hill (A Deal With God) - 2018 Remaster,English
Akintoye,Pizzazz,English
John Newman,Love Me Again,English
Calvin Harris,Feels (feat. Pharrell Williams, Katy Perry & Big Sean),English
Wiz Khalifa,#NeverDrinkingAgain,English
DeJ Loaf,Me U & Hennessy (feat. Lil Wayne),English
RealestK,Toxic,English
Kid Travis,Took,English
Roy Woods,Snow White,English
Burna Boy,On the Low,English
Sliime,BrandNewDrip,English
Lil Tjay,Run It Up (feat. Offset & Moneybagg Yo),English
Justin Park,You Don't Know,English
Devin Kennedy,Forget About You (Intimate),English
Hwang Chang young,Fly Up (Feat. Door) - Concert Version,Korean
Lithe,Pessimist,English
Woodie Smalls,Pending,English
Saucegod,C.C.,English
Rex Orange County,THE SHADE,English
ROSALÍA,LA FAMA,Spanish
Calvin Harris,Outside (feat. Ellie Goulding),English
Otilia,Bilionera - Dee Pete Remix,Romanian
Future,VOODOO (feat. Kodak Black),English
Metro Boomin,Raindrops (Insane) [with Travis Scott],English
```
```csv
Artist,Name of Song,Language
Metro Boomin,Niagara Falls (Foot or 2) [with Travis Scott & 21 Savage],English
Drake,Forever,English
Kendrick Lamar,Swimming Pools (Drank),English
TLC,No Scrubs,English
Kanye West,All Of The Lights,English
Kanye West,Stronger,English
Kanye West,Heartless,English
Kanye West,I Wonder,English
Kanye West,Flashing Lights,English
BRADIO,Flyers,Japanese
LiSA,Rising Hope,Japanese
FLOW,Sign,Japanese
UVERworld,Touch off,Japanese
BLUE ENCOUNT,ポラリス,Japanese
Cartoon,I'm Not Alright - Metal Version,English
PornoGraffitti,THE DAY,Japanese
BURNOUT SYNDROMES,FLY HIGH!!,Japanese
FLOW,COLORS -CODE GEASS OPENING MIX-,Japanese
UVERworld,ODD FUTURE,Japanese
VK Blanka,Black Rover,Japanese
amazarashi,境界線 (Naeleck Remix) - SACRA BEATS Singles,Japanese
KANA-BOON,シルエット,Japanese
THE ORAL CIGARETTES,Kyouran Hey Kids!!,Japanese
Joyner Lucas,Ramen & OJ,English
ASIAN KUNG-FU GENERATION,Re:Re:,Japanese
Ark Woods,First Flight To Mars,English
Lil Uzi Vert,Just Wanna Rock,English
Superfly,覚醒,Japanese
Dr Dre,Nuthin' but a G Thang,English
Quality Control,Leave Em Alone (Layton Greene, Lil Baby feat. City Girls, PnB Rock),English
CKay,Anya Mmiri,English
SICK LEGEND,MIDDLE OF THE NIGHT (HARDSTYLE),English
OneRepublic,All The Right Moves,English
Bastille,Pompeii,English
Burna Boy,Alone,English
Foudeqush,Con La Brisa,Spanish
Craig David,7 Days,English
Doja Cat,Streets,English
Jack Harlow,Churchill Downs (feat. Drake),English
Future,WAIT FOR U (feat. Drake & Tems),English
D-Block Europe,Darling,English
Rihanna,Loveeeeeee Song,English
Chris Brown,Under The Influence,English
21 Savage,3AM on Glenwood,English
Drake,More M’s,English
Drake,Jumbotron Shit Poppin,English
Drake,Middle of the Ocean,English
Drake,Broke Boys,English
Drake,Pussy & Millions (feat. Travis Scott),English
Drake,Circo Loco,English
Drake,Treacherous Twins,English
Drake,Hours In Silence,English
Drake,Spin Bout U,English
Drake,Privileged Rappers,English
Drake,On BS,English
Drake,Major Distribution,English
Drake,Rich Flex,English
Elton John,I'm Still Standing,English
Harry Styles,Late Night Talking,English
girl in red,we fell in love in october,English
Neon Trees,Everybody Talks,English
Cafuné,Tek It,English
Conan Gray,Disaster,English
Logic,1-800-273-8255,English
A$AP Ferg,Dreams, Fairytales, Fantasies (feat. Brent Faiyaz & Salaam Remi),English
A1 x J1,Latest Trends,English
Fresco Trey,Need You,English
Himesh Reshammiya,Hookah Bar,Hindi
Fame & PdotC,Love, Sex, & Water,English
Baby Keem,lost souls (with Brent Faiyaz),English
Zac Greer,crazy,English
03 Greedo,Substance,English
Sleepy Hallow,Marie,English
Ice Spice,Bikini Bottom,English
Labrinth,Jealous,English
PARTYNEXTDOOR,PERSIAN RUGS,English
GIVĒON,Favorite Mistake,English
Bryson Tiller,Don't,English
Beach Weather,Sex, Drugs, Etc.,English
Khi Infinite,SOMETIMES,English
Kid Travis,Show U Luv,English
Kid Travis,Insomnia,English
Kid Travis,Perfume,English
Kid Travis,Sunset Avenue,English
Polyphia,Ego Death (feat. Steve Vai),English
Polyphia,Neurotica,English
Polyphia,Playing God,English
Train,Drive By,English
fun.,We Are Young (feat. Janelle Monáe),English
The Yellow Diary,Buniyaad 2.0,Hindi
Polyphia,Memento Mori (feat. Killstation),English
Polyphia,ABC (feat. Sophia Black),English
Kid Travis,Galaxy,English
FINNEAS,Let's Fall in Love for the Night,English
Nic D,Icee Pop,English
Zach Hood,13 Missed Calls,English
Sylo,FOMO,English
Lil Baby,Pop Out (feat. Nardo Wick),English
Lil Baby,Real Spill,English
Khalid,OTW,English
6LACK,First Fuck,English
Trey Bond,Start Over (feat. 6LACK),English
Shiloh Dynasty,I’ll Keep You Safe,English
SwitchOTR,Coming for You (feat. A1 x J1),English
HAZEY,Packs and Potions,English
Ice Cube,It Was A Good Day,English
Sheff G,Listen,English
MASN,Hate Me!,English
Marco Luka,paradise,English
greek,rewind,English
Camila Cabello,Bam Bam (feat. Ed Sheeran),English
Kid Travis,Strawberry Skies,English
Lil Uzi Vert,20 Min,English
GIVĒON,Heartbreak Anniversary,English
YG,I Dance (with Duki, feat. Cuco),English
Lil Baby,Drip Too Hard (Lil Baby & Gunna),English
YK Osiris,Worth It,English
Dhruv,moonlight,English
admo,Equinox,English
Post Malone,Wasting Angels (with The Kid LAROI),English
Post Malone,One Right Now (with The Weeknd),English
isthatshiko,Shame,English
The Police,Every Breath You Take,English
50 Cent,Many Men (Wish Death),English
80purppp,Soleil,English
Summer Walker,No Love (with SZA),English
SZA,I Hate U,English
Summer Walker,Ex For A Reason (with JT from City Girls),English
Ravneet Aulakh,Pyar Te Vail,Punjabi
YSN Flow,Want Beef?,English
Far East Movement,Rocketeer,English
Lil Baby,In A Minute,English
Kendrick Lamar,All The Stars (with SZA),English
Harry Styles,Sign of the Times,English
Roy Woods,Drama (feat. Drake),English
Ice Spice,Munch (Feelin’ U),English
Indila,Tourner Dans Le Vide,French
Nic D,Talladega,English
DJ Khaled,NO SECRET (feat. Drake),English
Shaggy,It Wasn't Me,English
RIZ LA VIE,Go Again,English
BENEE,Supalonely,English
24kGoldn,VALENTINO,English
Bad Bunny,Party,Spanish
Drake,Fair Trade (with Travis Scott),English
Doja Cat,Vegas (From the Original Motion Picture Soundtrack ELVIS),English
Pop Smoke,What You Know Bout Love,English
Preme,Make a Mall,English
PnB Rock,HIGH,English
```
Here is the analysis of the songs in CSV format, including the Artist, Name of Song, and Language. The language is inferred based on the artist and song title:

```csv
Artist,Name of Song,Language
Central Cee,Doja,English
Softwilly,I LOVE YOU SO,English
Soulja Boy,Kiss Me Thru The Phone,English
Pop Smoke,Hello (feat. A Boogie Wit da Hoodie),English
Joji,Glimpse of Us,English
Milk & Bone,On brûlera - Spotify Singles,French
Pritam,Subhanallah,Hindi
A.R. Rahman,Tere Bina,Hindi
Armaan Malik,Pehla Pyaar (From "Kabir Singh"),Hindi
Jubin Nautiyal,Kaabil Hoon,Hindi
Pritam,Kabira,Hindi
Pritam,Hawayein,Hindi
Atif Aslam,Be Intehaan (From "Race 2"),Hindi
Harshdeep Kaur,Kabira (Encore),Hindi
Baby Keem,16,English
Marc,แมนๆไปเลย (Now or Never),Thai
Yung Filly,Confidence,English
DJ Khaled,GREECE (feat. Drake),English
The Killers,Mr. Brightside,English
AJ Mitchell,All My Friends,English
Mithoon,Tum Hi Ho,Hindi
Imran Khan,Bewafa,Urdu
Nicki Minaj,Starships,English
Tyga,Freaky Deaky,English
Internet Money,She Want Some More (Feat. Ken Carson & Lil Tecca),English
Cody Fry,Better,English
Wiz Khalifa,See You Again (feat. Charlie Puth),English
Summer Walker,Just Might (with PARTYNEXTDOOR),English
Summer Walker,Come Thru (with Usher),English
Summer Walker,Playing Games (with Bryson Tiller) - Extended Version,English
Gen Hoshino,Comedy,Japanese
Grover Washington, Jr.,Just the Two of Us,English
Benzz,Je M'appelle (feat. Tion Wayne & French Montana) - Remix,English/French
Logic,Homicide,English
Tory Lanez,The Color Violet,English
Gunna,Top Off,English
Anirudh Ravichander,Why This Kolaveri Di? - The Soup of Love,Tamil
XXXTENTACION,Look At Me!,English
Ruger,Dior,English
Justin Bieber,Beauty And A Beat,English
Justin Bieber,Confident,English
Sadie Jean,WYD Now?,English
Jessie Murph,Always Been You,English
Jaymes Young,Happiest Year,English
Lauren Spencer Smith,Fingers Crossed,English
GARYSHAWN,Boo Thang,English
Femme It Forward,What You Deserve (Remix),English
Alesso,Chasing Stars (feat. James Bay),English
Alec Benjamin,Let Me Down Slowly,English
Lewis Capaldi,Before You Go,English
J. Cole,Work Out,English
Nicky Youre,Sunroof,English
OneRepublic,I Ain't Worried,English
Oliver Tree,Life Goes On,English
Avicii,Waiting For Love,English
Mario,Let Me Love You,English
Max Richter,On the Nature of Daylight,Instrumental
Young Thug,Digits,English
Pusha T,Nosetalgia,English
21 Savage,Bank Account,English
Central Cee,Obsessed With You,English
Lil Uzi Vert,The Way Life Goes (feat. Oh Wonder),English
Oh Wonder,Landslide,English
Nirvana,Something In The Way,English
Kanye West,Follow God,English
Childish Gambino,Heartbeat,English
Doja Cat,Kiss Me More (feat. SZA),English
24kGoldn,Mood (feat. iann dior),English
Doja Cat,Say So (feat. Nicki Minaj),English
Dua Lipa,Don't Start Now,English
Maroon 5,Girls Like You (feat. Cardi B),English
Clean Bandit,Solo (feat. Demi Lovato),English
Calvin Harris,One Kiss (with Dua Lipa),English
Camila Cabello,Havana (feat. Young Thug),English
Dua Lipa,New Rules,English
Rae Sremmurd,Black Beatles,English
Clean Bandit,Rockabye (feat. Sean Paul & Anne-Marie),English
Sia,Cheap Thrills (feat. Sean Paul),English
Ariana Grande,Problem,English
John Legend,All of Me,English
Eminem,The Monster,English
Avicii,Wake Me Up,English
Bruno Mars,Locked out of Heaven,English
Flo Rida,Whistle,English
Katy Perry,Wide Awake,English
Flo Rida,Good Feeling,English
Rihanna,We Found Love,English
Pitbull,Give Me Everything (feat. Nayer),English
Lil Tecca,Ransom (with Juice WRLD) - Remix,English
SAINt JHN,Ransom (feat. 6LACK & Kehlani),English
YG,Hard Bottoms & White Socks,English
Lil Skies,Magic,English
Big Sean,Living Single,English
BROCKHAMPTON,SUGAR,English
Bruno Major,Nothing,English
Skye,VOICES (feat. XXXTENTACION),English
David Kushner,Mr. Forgettable,English
Sean Paul,No Lie,English
The Weeknd,Out of Time,English
Atif Aslam,Tera Hone Laga Hoon,Hindi
Pritam,Balam Pichkari,Hindi
Tesher,Jalebi Baby (Tesher x Jason Derulo),English/Hindi
JID,Surround Sound (feat. 21 Savage & Baby Tate),English
2WIN,ROCK OUT,English
Oliver Malcolm,The Jungle,English
KillBunk,Know Better,English
Nardo Wick,Me or Sum (feat. Future & Lil Baby),English
benny blanco,Eastside (with Halsey & Khalid),English
NLE Choppa,Walk Em Down (feat. Roddy Ricch),English
Lil Tecca,When You Down (with Polo G feat. Lil Durk),English
Ariana Grande,pov,English
Lewis Capaldi,Bruises,English
Pedro Capó,Calma - Remix,Spanish
Jason Mraz,I'm Yours,English
Lil Durk,Petty Too (feat. Future),English
Megan Thee Stallion,Sweetest Pie,English
Bo Burnham,All Eyes On Me,English
The Living Tombstone,My Ordinary Life,English
Croosh,RIP,English
Strawberry Guy,Mrs Magic,English
Drake,Too Good,English
Doja Cat,Options (feat. JID),English
Doja Cat,You Right,English
Doja Cat,Payday (feat. Young Thug),English
Doja Cat,Woman,English
Dreamville,Sacrifices (with EARTHGANG & J. Cole feat. Smino & Saba),English
Shawn Mendes,Señorita,English
Jaymes Young,Infinity,English
BoyWithUke,Toxic,English
Powfu,death bed (coffee for your head),English
Dhruv,double take,English
PRETTYMUCH,Solita (feat. Rich The Kid),English
KAROL G,Follow,Spanish
NLE Choppa,Camelot,English
Duncan Laurence,Arcade,English
Imagine Dragons,Demons,English
AURORA,Runaway,English
Bruno Mars,Talking to the Moon,English
Bruno Mars,Just the Way You Are,English
ZAYN,Dusk Till Dawn (feat. Sia),English
Macklemore & Ryan Lewis,Thrift Shop (feat. Wanz),English
Eminem,Not Afraid,English
Calvin Harris,Summer,English
Carlos Vives,La Bicicleta,Spanish
Calvin Harris,How Deep Is Your Love,English
David Guetta,Titanium (feat. Sia),English
Coldplay,Paradise,English
PSY,Gentleman,Korean
Sam Smith,I'm Not The Only One,English
Katy Perry,Firework,English
```

Note: The language is inferred based on the artist's primary language and the song title. Some songs may have mixed languages or feature artists from different linguistic backgrounds.
To analyze the songs and return the results in CSV format with the Artist, Name of Song, and Language, I'll need to make some assumptions about the language based on the artist or song title. Here's the CSV format output:

```csv
Artist,Name of Song,Language
Queen,Bohemian Rhapsody,English
Imagine Dragons,Radioactive,English
Sam Smith,Too Good At Goodbyes,English
James Arthur,Say You Won't Let Go,English
Charlie Puth,Attention,English
BTS,DNA,Korean
BLACKPINK,Kill This Love,Korean
Don Omar,Danza Kuduro,Spanish
Rihanna,Work,English
Coldplay,Adventure of a Lifetime,English
Bad Bunny,MIA (feat. Drake),Spanish
KAROL G,Tusa,Spanish
Arctic Monkeys,Do I Wanna Know?,English
Dhvani Bhanushali,Vaaste,Hindi
Tyga,Taste (feat. Offset),English
Pharrell Williams,Happy - From "Despicable Me 2",English
Twenty One Pilots,Ride,English
David Guetta,Play Hard (feat. Ne-Yo & Akon),English
Nemzzz,2MS,English
Elton John,Cold Heart - PNAU Remix,English
Bazzi,Fantasy,English
Katy Perry,California Gurls,English
Katy Perry,Last Friday Night (T.G.I.F.),English
The Lonely Island,Threw It On The Ground,English
The Lonely Island,The Creep,English
The Lonely Island,I Just Had Sex,English
The Lonely Island,Jack Sparrow,English
The Lonely Island,Finest Girl (Bin Laden Song),English
Eminem,Without Me,English
Eminem,Lose Yourself,English
50 Cent,In Da Club,English
USHER,DJ Got Us Fallin' In Love (feat. Pitbull),English
Black Eyed Peas,I Gotta Feeling,English
Fall Out Boy,Centuries,English
K'NAAN,Wavin' Flag,English
Jay Sean,Down,English
Kina,Get You The Moon (feat. Snøw),English
Chunkz,Vibranium,English
Billie Eilish,No Time To Die,English
Billie Eilish,Happier Than Ever,English
Katy Perry,Teenage Dream,English
Lauv,I Like Me Better,English
Harry Styles,Watermelon Sugar,English
Gym Class Heroes,Stereo Hearts (feat. Adam Levine),English
Calvin Harris,This Is What You Came For,English
Internet Money,His & Hers (feat. Don Toliver, Lil Uzi Vert & Gunna),English
Edward Maya,Stereo Love - Original,English
Lauren Spencer Smith,Fingers Crossed,English
Ruth B.,Dandelions,English
DJ Antoine,La Vie en Rose - DJ Antoine & Mad Mark 2k17 Mix,French
David Guetta,Dangerous (feat. Sam Martin),English
NF,Let You Down,English
José González,Stay Alive,English
A-Wall,Loverboy,English
grentperez,Cherry Wine,English
Pink Sweat$,Midnight River (feat. 6LACK),English
Imagine Dragons,Enemy (with JID) - from the series Arcane League of Legends,English
DEAN,instagram,Korean
Sleepy Hallow,2055,English
Kato,Ocean Spirit,English
G2 Genesis,Zoouston,English
DPR IAN,So Beautiful,English
yama,Oz.,Japanese
LiSA,明け星,Japanese
Kato,Konoha Peace,English
Alexander Rybak,Fairytale,English
Lil Baby,How It Feels,English
Billie Eilish,bellyache,English
Charlie Curtis-Beard,Anime & Chardonnay,English
Sleepy Hallow,1999,English
Slimelife Shawty,Suit Me Up,English
keshi,always,English
Peach Tree Rascals,Change My Mind,English
政学Zed-X,Bad Bxxxx (坏女人),Chinese
EDEN,crash,English
BlueBucksClan,Aaron Judge (feat. Cash Kidd),English
Lil Baby,Emotionally Scarred,English
Drake,Love All (with JAY-Z),English
Kanye West,Jesus Lord pt 2,English
Kanye West,Jesus Lord,English
Kanye West,Keep My Spirit Alive,English
Kanye West,Donda,English
Kanye West,24,English
Kanye West,Junya,English
Kanye West,Jonah,English
Drake,IMY2 (with Kid Cudi),English
Drake,Get Along Better,English
Drake,You Only Live Twice (with Lil Wayne & Rick Ross),English
Drake,Fountains (with Tems),English
Drake,7am On Bridle Path,English
Drake,Knife Talk (with 21 Savage ft. Project Pat),English
Drake,Yebba’s Heartbreak,English
Drake,Pipe Down,English
Drake,N 2 Deep,English
Drake,TSU,English
Drake,Way 2 Sexy (with Future & Young Thug),English
Drake,Fair Trade (with Travis Scott),English
Drake,In The Bible (with Lil Durk & Giveon),English
Drake,Champagne Poetry,English
Drake,Girls Want Girls (with Lil Baby),English
Drake,Papi’s Home,English
Panic! At The Disco,I Write Sins Not Tragedies,English
Lil Tjay,Headshot (feat. Polo G & Fivio Foreign),English
Big Sean,Wolves (feat. Post Malone),English
Alexander L'Estrange,Hello Sunshine,English
Lil Baby,On Me,English
Polo G,No Return (with The Kid LAROI & Lil Durk),English
Lil Baby,Hats Off (feat. Travis Scott),English
Masego,Tadow - Extended Version,English
Chinozo,Good-bye Declaration,Japanese
Tiago PZK,Entre Nosotros,Spanish
The Kid LAROI,STAY (with Justin Bieber),English
SR,Welcome To Brixton,English
Stormzy,Vossi Bop,English
Masego,Silver Tongue Devil (feat. Shenseea),English
YNW Melly,Slang That Iron,English
YNW Melly,Take Kare (feat. Lil Baby & Lil Durk),English
YoungBoy Never Broke Again,Coordination,English
YoungBoy Never Broke Again,You the One,English
Ty Dolla $ign,Ego Death (feat. Kanye West, FKA twigs & Skrillex),English
MarMar Oso,Ruthless (Nice Guys Always Finish Last) (feat. Sage The Gemini & Derek King) - Remix,English
HAARPER,The Alchemist,English
Gunna,DOLLAZ ON MY HEAD (feat. Young Thug),English
Marshmello,Silence,English
Brandon ThaKidd,Poverty,English
Drake,Time Flies,English
Drake,War,English
Drake,Jumpman,English
Sleepy Hallow,Anxiety Freestyle,English
Sheff G,Weight On Me,English
YSN Fab,City Lights,English
Pressa,Attachments (feat. Coi Leray),English
Sleepy Hallow,2055,English
Young Stoner Life,Solid (feat. Drake),English
J. Cole,a p p l y i n g . p r e s s u r e,English
J. Cole,m y . l i f e (with 21 Savage & Morray),English
Nicki Minaj,Only,English
Nicki Minaj,Seeing Green (with Drake & Lil Wayne),English
Polo G,GANG GANG (with Lil Wayne),English
Ywnolu,Million Dollar Dream,English
J. Cole,Fire Squad,English
Eminem,The Real Slim Shady,English
Smino,Baguetti (with JID & Kenny Beats),English
J. Cole,p r i d e . i s . t h e . d e v i l (with Lil Baby),English
J. Cole,a m a r i,English
Kid Cudi,Pursuit Of Happiness (Nightmare),English
J. Cole,i n t e r l u d e,English
Mrs. GREEN APPLE,インフェルノ,Japanese
Unimerce,Life,English
Halsey,Without Me (with Juice WRLD),English
```

Note: The language is inferred based on common knowledge about the artists and song titles. Some songs may have multiple languages or be in a different language than assumed.
Sure, here is the analysis of the songs in CSV format with the columns Artist, Name of Song, and Language. Since the language of the songs is not explicitly provided, I will assume that all songs are in English based on the artists and titles.

```csv
Artist,Name of Song,Language
Post Malone,Psycho (feat. Ty Dolla $ign),English
Wrabel,Bloodstain,English
Vedo,You Got It,English
Toosii,what it cost,English
Macklemore,Can't Hold Us (feat. Ray Dalton),English
Lil Peep,Star Shopping,English
The Kid LAROI,WITHOUT YOU,English
SZA,Good Days,English
Justin Bieber,Peaches (feat. Daniel Caesar & Giveon),English
Lil Tjay,Calling My Phone,English
COMFY,Hoods Hottest,English
Polo G,RAPSTAR,English
The Kid LAROI,Shot For Me - Spotify Singles,English
Joey Bada$$,The Light,English
Polo G,21,English
Polo G,Flex (feat. Juice WRLD),English
Brent Faiyaz,Dead Man Walking,English
Money Man,24 (feat. Lil Baby),English
YNW Melly,223's (feat. 9lokknine),English
StaySolidRocky,Party Girl,English
Polo G,Heartless (feat. Mustard),English
A Boogie Wit da Hoodie,Swervin (feat. 6ix9ine),English
Akintoye,Who Gets Your Love?,English
Akintoye,Losing My Mind,English
Akintoye,Say Less,English
Akintoye,Vertigo,English
Akintoye,Kidding,English
JID,151 Rum,English
Central Cee,Loading,English
Central Cee,Commitment Issues,English
JAY-Z,Ni**as In Paris,English
YNW Melly,Thugged Out (feat. Kodak Black),English
Rod Wave,Rags2Riches 2 (feat. Lil Baby),English
Rihanna,FourFiveSeconds,English
PARTYNEXTDOOR,LOYAL (feat. Drake),English
Drake,What’s Next,English
Popcaan,TWIST & TURN (feat. Drake & PARTYNEXTDOOR),English
PARTYNEXTDOOR,Come and See Me (feat. Drake),English
PARTYNEXTDOOR,BELIEVE IT,English
Nico & Vinz,Am I Wrong,English
Pop Smoke,The Woo (feat. 50 Cent & Roddy Ricch),English
Pop Smoke,Creature (feat. Swae Lee),English
Pop Smoke,Yea Yea,English
Pop Smoke,Mood Swings (feat. Lil Tjay & Summer Walker) - Remix,English
Lil Tjay,Leaked (feat. Lil Wayne) - Remix,English
Pop Smoke,Mood Swings (feat. Lil Tjay),English
NorthSideBenji,Levels (feat. Houdini),English
Lil Berete,War Ready,English
Future,Last Breath,English
Pop Smoke,Got It On Me,English
Tiësto,Red Lights,English
2KBABY,Old Streets,English
Lil Wayne,Sucker for Pain (with Wiz Khalifa, Imagine Dragons, Logic & Ty Dolla $ign feat. X Ambassadors),English
Post Malone,Enemies (feat. DaBaby),English
Billie Eilish,lovely (with Khalid),English
G-Eazy,Still Be Friends (feat. Tory Lanez & Tyga),English
Drake,Teenage Fever,English
Bryson Tiller,Exchange,English
Sara Kays,Remember That Night?,English
Ty Dolla $ign,Spicy (feat. Post Malone),English
Kid Cudi,Damaged,English
YoungBoy Never Broke Again,My Window (feat. Lil Wayne),English
Lil Wayne,B.B. King Freestyle (with Drake),English
Juice WRLD,Reminds Me Of You,English
Gunna,MET GALA,English
2gaudy,Rage,English
cinnamons,summertime,English
The Kid LAROI,TRAGIC (feat. Youngboy Never Broke Again & Internet Money),English
Internet Money,Lemonade (feat. Gunna, Don Toliver & NAV),English
Brandon ThaKidd,Poverty,English
Roddy Ricch,Die Young,English
Juice WRLD,Robbery,English
itssvd,Losing Interest,English
Rod Wave,Heart On Ice,English
Wiz Khalifa,The Thrill,English
Anitta,Me Gusta (with Cardi B & Myke Towers),English
Gotye,Somebody That I Used To Know,English
PnB Rock,MIDDLE CHILD,English
The Kid LAROI,Diva (feat. Lil Tecca),English
Juice WRLD,Bandit (with YoungBoy Never Broke Again),English
Lil Tjay,Losses - Bonus,English
2KBABY,MAD,English
half•alive,still feel.,English
George Ezra,Budapest,English
Major Lazer,Run Up,English
Kungs,This Girl (Kungs Vs. Cookin' On 3 Burners),English
Kungs,I Feel So Bad,English
YNW Melly,Murder on My Mind,English
The Kid LAROI,Fade Away,English
Lil Tjay,Zoo York (feat. Fivio Foreign & Pop Smoke),English
Lil Tjay,Leaked,English
Lil Tjay,Sex Sounds,English
Polo G,Pop Out (feat. Lil Tjay),English
The Kid LAROI,GO (feat. Juice WRLD),English
Khalid,Location,English
Aminé,Compensating (feat. Young Thug),English
Lil Tjay,F.N,English
YNW Melly,Suicidal (feat. Juice WRLD) - Remix,English
The Kid LAROI,SELFISH,English
The Kid LAROI,NEED YOU MOST (So Sick),English
The Kid LAROI,RUNNING,English
The Kid LAROI,ERASE U,English
The Kid LAROI,NOT FAIR (feat. Corbin),English
The Kid LAROI,MAYBE,English
The Kid LAROI,SAME THING,English
The Kid LAROI,TELL ME WHY,English
DaBaby,ROCKSTAR (feat. Roddy Ricch),English
Trippie Redd,Who Needs Love,English
Trippie Redd,Love Me More,English
Trippie Redd,Love Sick,English
Juice WRLD,Tell Me U Luv Me (with Trippie Redd),English
J.I the Prince of N.Y,Painless 2 (with NAV feat. Lil Durk),English
Jónsi,Where No One Goes,English
Jai Wolf,Moon Rider (feat. Wrabel),English
flor,slow motion,English
21 Savage,all my friends,English
Tyla Yaweh,High Right Now (feat. Wiz Khalifa) - Remix,English
2KBABY,OLD STREETS (feat. Lil Durk) - Remix,English
NAV,Champion (feat. Travis Scott),English
DJ Khaled,POPSTAR (feat. Drake),English
Drake,Laugh Now Cry Later (feat. Lil Durk),English
Coleman Hell,2 Heads,English
Rag'n'Bone Man,Human,English
Roy Woods,I Feel It,English
flora cash,You're Somebody Else,English
Post Malone,92 Explorer,English
6LACK,Pretty Little Fears (feat. J. Cole),English
Drake,Sandra’s Rose,English
SAINt JHN,Borders (feat. Lenny Kravitz),English
SAINt JHN,Who Do You Blame,English
SAINt JHN,Trap (feat. Lil Baby),English
BANNERS,Back When We Had Nothing,English
The Neighbourhood,Sweater Weather,English
KALEO,Way down We Go,English
X Ambassadors,Renegades,English
X Ambassadors,Unsteady,English
BANNERS,Shine a Light,English
BANNERS,Start a Riot,English
Ouse,You Make It Worse,English
Aftertheparty,Numb,English
Eminem,Godzilla (feat. Juice WRLD),English
The Shutes,Bright Blue Berlin Sky,English
Passenger,Let Her Go,English
Sylvan Esso,Hey Mami (Big Wild Remix),English
Josh A,Worst Mistakes,English
Josh A,Fearless,English
Ouse,Night,English
Drake,Chicago Freestyle (feat. Giveon),English
21 Savage,a lot,English
Ruth B.,Lost Boy,English
```

Please note that the language is assumed to be English for all songs. If you have specific information about the language of any song that differs from this assumption, please let me know!
```csv
Artist,Name of Song,Language
Juice WRLD,Hate The Other Side (with Marshmello & The Kid Laroi),English
Coldplay,Fix You,English
Coldplay,Yellow,English
The Chainsmokers,Something Just Like This,English
Coldplay,Viva La Vida,English
Coldplay,The Scientist,English
NF,Lie,English
Lund,Broken,English
Maria Lynn,All or Nothing (Acoustic),English
Jon Bellion,iRobot,English
WILLOW,Wait a Minute!,English
Headie One,Only You Freestyle,English
Juice WRLD,Wishing Well,English
Juice WRLD,Come & Go (with Marshmello),English
Swae Lee,Won't Be Late (feat. Drake),English
6LACK,ATL Freestyle,English
6LACK,Seasons (feat. Khalid),English
6LACK,Scripture,English
6LACK,PRBLMS,English
Post Malone,rockstar (feat. 21 Savage),English
Young Thug,The London (feat. J. Cole & Travis Scott),English
6LACK,Outside,English
6LACK,Know My Rights (feat. Lil Baby),English
6LACK,Elephant In The Room,English
6LACK,Long Nights,English
6LACK,Float,English
Ruby Waters,Supernatural,English
Drake,Behind Barz - Bonus,English
Billie Eilish,ocean eyes,English
Pop Smoke,For The Night (feat. Lil Baby & DaBaby),English
AJR,Burn the House Down,English
blackbear,hot girl bummer,English
blackbear,idfc,English
XXXTENTACION,Hope,English
XXXTENTACION,Jocelyn Flores,English
Post Malone,Congratulations,English
Rae Sremmurd,No Type,English
French Montana,Unforgettable,English
Lil Skies,Nowadays (feat. Landon Cube),English
21 Savage,Secret (feat. Summer Walker),English
Bazzi,Focus (feat. 21 Savage),English
Lil Tecca,Shots,English
XXXTENTACION,Arms Around You (feat. Maluma & Swae Lee),English
Russ,CIVIL WAR - Bonus,English
Ed Sheeran,Antisocial (with Travis Scott),English
Drake,Toosie Slide,English
Drake,Marvins Room,English
Juice WRLD,Righteous,English
Juice WRLD,Lean Wit Me,English
J. Cole,Wet Dreamz,English
J. Cole,Love Yourz,English
J. Cole,G.O.M.D.,English
Post Malone,Circles,English
Young Thug,The London (feat. J. Cole & Travis Scott),English
Lil Tecca,All Star (with Lil Tjay),English
Meek Mill,Going Bad (feat. Drake),English
Not3s,Aladdin,English
Drake,Sneakin’,English
VK Blanka,Black Catcher,English
Lil Mosey,G Walk (with Chris Brown),English
Lil Peep,Falling Down - Bonus Track,English
Trevor Daniel,Falling,English
Future,Life Is Good (feat. Drake),English
Mr.Kitty,After Dark,English
LUCKY3RD,Life Goes On,English
Dominic Fike,3 Nights,English
Logic,Keanu Reeves,English
Ali Gatie,It's You,English
Future,Fine China,English
Juice WRLD,Armed And Dangerous,English
Preme,Jackie Chan,English
21 Savage,a lot,English
Kap G,I See You (feat. Chris Brown),English
Young Thug,Sin (feat. Jaden Smith),English
J. Cole,MIDDLE CHILD,English
Wiz Khalifa,Hopeless Romantic (feat. Swae Lee),English
J. Cole,Neighbors,English
J. Cole,No Role Modelz,English
J. Cole,Deja Vu,English
The Chainsmokers,Somebody,English
XXXTENTACION,Moonlight,English
Jaden,Summertime In Paris,English
Russ,Losin Control,English
Noah Cyrus,Again (feat. XXXTENTACION),English
Young the Giant,Superposition,English
The Lumineers,Ophelia,English
XXXTENTACION,changes,English
Post Malone,Sunflower - Spider-Man: Into the Spider-Verse,English
Aminé,Invincible,English
Juice WRLD,Hide (feat. Seezyn),English
Thutmose,Memories,English
Beau Young Prince,Let Go,English
Drake,Don’t Matter To Me (with Michael Jackson),English
Drake,Survival,English
Drake,Nonstop,English
Drake,Emotionless,English
Drake,I'm Upset,English
Drake,Mob Ties,English
Drake,Can’t Take A Joke,English
Drake,Is There More,English
Drake,Peak,English
Drake,Jaded,English
Drake,Finesse,English
Drake,Ratchet Happy Birthday,English
Drake,That’s How You Feel,English
Drake,Blue Tint,English
Drake,Final Fantasy,English
Drake,March 14,English
Drake,Free Smoke,English
Drake,No Long Talk,English
Drake,Passionfruit,English
Drake,Jorja Interlude,English
Drake,Get It Together,English
Drake,Madiba Riddim,English
Drake,Blem,English
Drake,4422,English
Drake,Sacrifices,English
Drake,Glow,English
Drake,Since Way Back,English
Drake,Fake Love,English
Drake,Do Not Disturb,English
```